{"ratio": [], "shift": [["AVOIR SORTI,ARTISTES", 0], ["AVOIR SORTI,ALBUMS", 0], ["VIVRE,LOCALISATION", 0], ["VIVRE,ARTISTES", 0], ["APPARTENIR,MUSIQUES", 0], ["APPARTENIR,GENRES", 0], ["PERFORMER,ARTISTES", 0], ["PERFORMER,MUSIQUES", 0], ["ETRE CLASSEE,MUSIQUES", 0], ["ETRE CLASSEE,CLASSEMENT", 0], ["AVOIR,CLASSEMENT", 0], ["AVOIR,CLIENTS", 0]], "colors": [["annotation_color", "#1a9850"], ["annotation_text_color", "#ffffbf"], ["association_attribute_text_color", "#000000"], ["association_cartouche_color", "#a6d96a"], ["association_cartouche_text_color", "#000000"], ["association_color", "#d9ef8b"], ["association_stroke_color", "#66bd63"], ["background_color", "#ffffbf"], ["card_text_color", "#d73027"], ["entity_attribute_text_color", "#000000"], ["entity_cartouche_color", "#fdae61"], ["entity_cartouche_text_color", "#000000"], ["entity_color", "#fee08b"], ["entity_stroke_color", "#f46d43"], ["leg_stroke_color", "#66bd63"], ["transparent_color", "none"]], "cy": [["ALBUMS", 43], ["AVOIR SORTI", 43], ["ARTISTES", 43], ["VIVRE", 43], ["APPARTENIR", 195], ["MUSIQUES", 195], ["PERFORMER", 195], ["LOCALISATION", 195], ["GENRES", 356], ["ETRE CLASSEE", 356], ["CLASSEMENT", 356], ["AVOIR", 356], ["CLIENTS", 356]], "cx": [["ALBUMS", 55], ["AVOIR SORTI", 199], ["ARTISTES", 342], ["VIVRE", 489], ["APPARTENIR", 55], ["MUSIQUES", 199], ["PERFORMER", 342], ["LOCALISATION", 489], ["GENRES", 55], ["ETRE CLASSEE", 199], ["CLASSEMENT", 342], ["AVOIR", 489], ["CLIENTS", 632]], "size": [692, 433]}