{"ratio": [], "shift": [["origine,ARTISTE", 0], ["origine,LOCALISATION", 0], ["a_sortie,ARTISTE", 0], ["a_sortie,ALBUM", 0], ["avoir_genre,GENRE", 0], ["avoir_genre,MUSIQUE", 0], ["interprete,ARTISTE", 0], ["interprete,MUSIQUE", 0], ["dans_album,ALBUM", 0], ["dans_album,MUSIQUE", 0], ["dans_playlist,PLAYLIST", 0], ["dans_playlist,MUSIQUE", 0], ["etre_classee,MUSIQUE", 0], ["etre_classee,CLASSEMENT", 0], ["avoir_playlist,CLIENT", 0], ["avoir_playlist,PLAYLIST", 0]], "colors": [["annotation_color", "#4d4d4d"], ["annotation_text_color", "#ffffff"], ["association_attribute_text_color", "#000000"], ["association_cartouche_color", "#bababa"], ["association_cartouche_text_color", "#000000"], ["association_color", "#e0e0e0"], ["association_stroke_color", "#878787"], ["background_color", "#ffffff"], ["card_text_color", "#b2182b"], ["entity_attribute_text_color", "#000000"], ["entity_cartouche_color", "#f4a582"], ["entity_cartouche_text_color", "#000000"], ["entity_color", "#fddbc7"], ["entity_stroke_color", "#d6604d"], ["leg_stroke_color", "#878787"], ["transparent_color", "none"]], "cy": [["origine", 34], ["a_sortie", 34], ["GENRE", 126], ["LOCALISATION", 126], ["ARTISTE", 126], ["ALBUM", 126], ["avoir_genre", 235], ["interprete", 235], ["dans_album", 235], ["MUSIQUE", 378], ["dans_playlist", 521], ["etre_classee", 521], ["CLIENT", 630], ["PLAYLIST", 630], ["CLASSEMENT", 630], ["avoir_playlist", 739]], "cx": [["origine", 176], ["a_sortie", 302], ["GENRE", 55], ["LOCALISATION", 176], ["ARTISTE", 302], ["ALBUM", 414], ["avoir_genre", 55], ["interprete", 176], ["dans_album", 302], ["MUSIQUE", 176], ["dans_playlist", 176], ["etre_classee", 302], ["CLIENT", 55], ["PLAYLIST", 176], ["CLASSEMENT", 302], ["avoir_playlist", 176]], "size": [464, 773]}